{"cameraMode":{"drawMode":0,"name":"Shaded","section":"Shading Mode"},"sceneLighting":true,"audioPlay":false,"sceneViewState":{"showFog":true,"showMaterialUpdate":false,"showSkybox":true,"showFlares":true,"showImageEffects":true,"showParticleSystems":true},"in2DMode":false,"pivot":{"x":2.3357043266296388,"y":-6.783849716186523,"z":6.2728166580200199},"rotation":{"x":-0.6697224378585815,"y":-0.002419430064037442,"z":0.0023178812116384508,"w":-0.7426497936248779},"size":17.582557678222658,"orthographic":false}