{"cameraMode":{"drawMode":0,"name":"Shaded","section":"Shading Mode"},"sceneLighting":true,"audioPlay":false,"sceneViewState":{"showFog":true,"showMaterialUpdate":false,"showSkybox":true,"showFlares":true,"showImageEffects":true,"showParticleSystems":true},"in2DMode":false,"pivot":{"x":3.499835729598999,"y":-5.685477256774902,"z":13.05706787109375},"rotation":{"x":-0.6467280983924866,"y":-0.05269727110862732,"z":0.04499892145395279,"w":-0.759611189365387},"size":18.85892677307129,"orthographic":false}